fraudulent,customerEmail,customerPhone,customerDevice,customerIPAddress,customerBillingAddress,username,domain,is_popular_domain,is_disposal_domain,valid_email,base_phone_number,extention_phone_number,has_extention_phone_number,is_foreign_number,ip_country_code,is_foreign_ip,IPv4,order_count,unique_order_locations,locations_per_order_ratio,avg_order_amount,min_order_amount,max_order_amount,sum_order_amount,fulfilled_order_count,pending_order_count,failed_order_count,address_mismatch_ratio,payment_method_type_unique_count,payment_method_provider_unique_count,payment_method_issuer_unique_count,paymentMethodRegistrationFailure,apple pay,bitcoin,card,paypal,American Express,Diners Club / Carte Blanche,Discover,JCB 15 digit,JCB 16 digit,Maestro,Mastercard,VISA 13 digit,VISA 16 digit,Voyager,Bastion Banks,Bulwark Trust Corp.,Citizens First Banks,Fountain Financial Inc.,Grand Credit Corporation,Her Majesty Trust,His Majesty Bank Corp.,Rose Bancshares,Solace Banks,Vertex Bancorp,other_methods,transactions_count,failed_transactions_count,failed_transactions_ratio
False,josephhoward@yahoo.com,400-108-5415,yyeiaxpltf82440jnb3v,8.129.104.40,"5493 Jones Islands
Brownside, CA 51896",josephhoward,yahoo.com,True,False,1,400-108-5415,,0,0,,-1,-1,2,1,0.5,22.0,18.0,26.0,44.0,1.0,1.0,,0.0,1,1,1,1.0,0,0,1,0,0,0,0,0,1,0,0,0,0,0,0,0,1,0,0,0,0,0,0,0,0,2,0.0,0.0
True,evansjeffery@yahoo.com,1-788-091-7546,r0jpm7xaeqqa3kr6mzum,219.173.211.202,"356 Elizabeth Inlet Suite 120
Port Joshuabury, NM 37681",evansjeffery,yahoo.com,True,False,1,1-788-091-7546,,0,0,,-1,-1,3,3,1.0,37.0,23.0,45.0,111.0,3.0,,,0.6666666666666666,2,6,6,1.0,0,2,5,0,1,1,0,0,1,1,1,0,2,0,1,0,0,1,0,1,1,0,1,2,0,3,1.0,0.3333333333333333
False,andersonwilliam@yahoo.com,024.420.0375,4m7h5ipl1shyavt6vv2r,67b7:3db8:67e0:3bea:b9d0:90c1:2b60:b9f0,"8478 Sean Ridges Apt. 441
Davisberg, PR 72250",andersonwilliam,yahoo.com,True,False,1,024.420.0375,,0,0,,-1,-1,3,2,0.6666666666666666,27.333333333333332,24.0,33.0,82.0,2.0,,1.0,0.3333333333333333,1,2,2,0.0,0,0,2,0,0,0,1,0,1,0,0,0,0,0,1,0,0,0,0,0,1,0,0,0,0,5,2.0,0.4
False,rubenjuarez@yahoo.com,670.664.8168x94985,slovx60t0i558may4ks0,95de:8565:5a66:792c:26e0:6cfb:7d87:11af,"7769 Elizabeth Bridge Apt. 343
Nortonstad, FM 51359",rubenjuarez,yahoo.com,True,False,1,670.664.8168,94985,1,0,,-1,-1,3,2,0.6666666666666666,28.333333333333332,25.0,34.0,85.0,3.0,,,0.3333333333333333,1,1,1,0.0,0,0,1,0,0,0,0,0,0,0,0,0,0,1,0,0,0,0,1,0,0,0,0,0,0,3,0.0,0.0
True,uchen@malone.com,1-981-877-0870,j0pd24k5h8dl2fqu0cz4,196.89.235.192,"148 Russell Lodge Apt. 445
Port Jenniferside, TN 60556-0871",uchen,malone.com,False,False,1,1-981-877-0870,,0,0,,-1,-1,7,2,0.2857142857142857,58.714285714285715,32.0,71.0,411.0,6.0,,1.0,0.14285714285714285,2,4,4,0.0,3,0,3,0,1,0,0,0,3,0,0,1,1,0,1,0,0,0,2,0,2,0,1,0,0,7,2.0,0.2857142857142857
True,robinsoncynthia@dunn.com,+65(5)8997489788,hbww39m1wenbq4ymjhsx,43.166.163.164,"65233 Hutchinson Mountains
Martinezside, OR 75588",robinsoncynthia,dunn.com,False,False,1,+65(5)8997489788,,0,1,,-1,-1,1,1,1.0,25.0,25.0,25.0,25.0,,1.0,,1.0,2,2,2,0.0,0,0,1,1,0,0,0,1,0,0,0,0,1,0,0,0,0,0,0,0,0,0,0,0,2,1,0.0,0.0
True,samuel15@saunders-rhodes.com,05045239487,up7afvce5v0omniqlevq,33.67.35.30,"3960 Emily Fort
Staceytown, AR 21817-3325",samuel15,saunders-rhodes.com,False,False,1,05045239487,,0,0,,-1,-1,1,1,1.0,40.0,40.0,40.0,40.0,1.0,,,1.0,2,2,2,0.0,1,0,1,0,0,0,0,0,1,0,0,1,0,0,0,0,0,0,0,0,0,0,0,0,2,2,1.0,0.5
True,johnlowery@gmail.com,044-642-9860,rjb0adai34izqvys4938,212.144.68.190,"484 Pamela Pass
Lake Jessicaview, WI 12942-9074",johnlowery,gmail.com,True,False,1,044-642-9860,,0,0,,-1,-1,5,2,0.4,59.6,36.0,74.0,298.0,4.0,,1.0,0.2,2,2,2,0.0,0,1,1,0,0,0,0,0,0,0,0,0,1,1,0,1,0,0,0,1,0,0,0,0,0,6,2.0,0.3333333333333333
False,jameslandry@rodriguez.com,1-885-168-1310x338,yz4l2bgbvzra5eb5qcan,c899:ff67:6864:4365:def3:3023:655f:5181,"USNS Price
FPO AE 14661",jameslandry,rodriguez.com,False,False,1,1-885-168-1310,338,1,0,,-1,-1,2,1,0.5,23.0,21.0,25.0,46.0,1.0,1.0,,0.0,1,1,1,0.0,0,0,1,0,0,0,1,0,0,0,0,0,0,0,0,0,0,0,0,1,0,0,0,0,0,5,3.0,0.6
True,ubranch@rivera-parker.info,(772)964-8162x6310,6mpx027neyz6sh04n3ue,86.16.65.228,"6974 Robertson Common Apt. 902
Port Juanside, ID 80590-9633",ubranch,rivera-parker.info,False,False,1,(772)964-8162,6310,1,0,,-1,-1,0,0,,,,,0.0,,,,,1,1,1,0.0,0,0,0,1,0,0,0,0,0,0,1,0,0,0,0,0,0,0,0,0,1,0,0,0,0,0,-1.0,-inf
True,bowenwilliam@yahoo.com,(128)248-4091x37789,qmntgod0numz62gzbla7,231.91.253.19,"27061 Wright Forks
Craigland, MN 59915",bowenwilliam,yahoo.com,True,False,1,(128)248-4091,37789,1,0,,-1,-1,5,2,0.4,25.4,11.0,46.0,127.0,3.0,1.0,1.0,0.2,1,1,1,0.0,0,0,1,0,0,0,1,0,0,0,0,0,0,0,0,0,0,0,0,0,0,0,0,0,1,6,2.0,0.3333333333333333
False,ksummers@hotmail.com,1-023-275-4692,2ngkzu1idwxintmxwmgn,184.97.57.11,"46383 Matthew Track Apt. 220
Romanburgh, DC 95125",ksummers,hotmail.com,True,False,1,1-023-275-4692,,0,0,,-1,-1,5,3,0.6,32.8,12.0,49.0,164.0,5.0,,,0.4,2,4,3,0.0,0,1,3,0,1,0,1,0,0,1,0,1,0,0,1,0,0,0,0,1,0,0,0,2,0,7,3.0,0.42857142857142855
False,christineklein@wright-boyd.org,897-464-6425x941,j8cp1uydkuyza2eo0mir,4304:521a:e1c3:766b:21f3:ac3:4ab2:5a2,"67636 Renee Islands Suite 307
Teresaview, ND 09042",christineklein,wright-boyd.org,False,False,1,897-464-6425,941,1,0,,-1,-1,4,4,1.0,29.25,10.0,46.0,117.0,3.0,1.0,,0.75,2,1,3,0.0,0,1,2,0,0,0,0,0,0,0,0,0,3,0,0,0,1,0,0,1,0,0,0,1,0,4,0.0,0.0
False,meganwalters@chavez.com,(522)133-8741x643,qsxqbn6qjxkni7f813qn,98.229.160.246,"7541 Olson Glens
Ballshire, IL 29415",meganwalters,chavez.com,False,False,1,(522)133-8741,643,1,0,,-1,-1,2,2,1.0,38.5,34.0,43.0,77.0,2.0,,,1.0,1,1,1,0.0,0,0,1,0,0,0,0,0,0,0,1,0,0,0,0,0,0,0,0,1,0,0,0,0,0,4,2.0,0.5
False,caleb94@sutton.info,07452086668,lixwrlvcr4g5ht600dk9,2efe:240f:cc33:306:8e47:b8d5:b466:f12a,"813 Miller Lakes
Lake Christina, SD 29778-1298",caleb94,sutton.info,False,False,1,07452086668,,0,0,,-1,-1,5,1,0.2,37.0,19.0,46.0,185.0,3.0,,2.0,0.0,2,2,2,0.0,0,0,1,1,0,0,0,0,1,0,0,0,1,0,0,0,0,0,0,1,0,0,1,0,0,5,0.0,0.0
True,gonzalesjackson@gmail.com,1-410-373-1228x129,hmkn4nmfc5q5mgify2zw,229.2.225.188,"566 Courtney Stream
Reedland, NH 84853",gonzalesjackson,gmail.com,True,False,1,1-410-373-1228,129,1,0,,-1,-1,4,3,0.75,44.0,41.0,50.0,176.0,4.0,,,0.5,1,1,1,0.0,1,0,0,0,0,0,0,0,0,0,0,0,1,0,0,0,0,0,0,0,0,0,0,0,1,4,0.0,0.0
False,dana09@yahoo.com,515.708.2280x105,wb0uylp0rwy01x5j1jzd,166.148.66.158,"812 Moss Radial Suite 844
North Patriciaburgh, MH 13975",dana09,yahoo.com,True,False,1,515.708.2280,105,1,0,,-1,-1,3,2,0.6666666666666666,28.333333333333332,12.0,40.0,85.0,3.0,,,0.3333333333333333,2,1,2,0.0,0,1,1,0,0,0,0,0,2,0,0,0,0,0,1,0,0,0,0,0,0,0,1,0,0,6,3.0,0.5
False,alec27@bell.com,895-224-8246x9667,cq5wya63n1w79o0hlnpm,128.61.46.131,"6174 Nicholas Cliffs Suite 855
Websterview, MN 44283-0599",alec27,bell.com,False,False,1,895-224-8246,9667,1,0,,-1,-1,4,1,0.25,24.5,12.0,34.0,98.0,3.0,1.0,,0.0,1,2,2,0.0,0,0,2,0,0,0,0,0,0,0,0,0,1,1,0,0,0,1,0,1,0,0,0,0,0,6,2.0,0.3333333333333333
False,juliecook@hotmail.com,1-412-734-7967x67388,sj72s0k7wxdrxu3rcmba,61ba:a72b:5401:db1a:9833:d0da:254c:2369,"1750 Alicia Shoals Apt. 000
South Benjamin, ND 75373",juliecook,hotmail.com,True,False,1,1-412-734-7967,67388,1,0,,-1,-1,2,1,0.5,12.5,11.0,14.0,25.0,2.0,,,0.0,1,1,1,0.0,0,0,1,0,0,0,0,0,0,0,0,0,0,1,0,0,0,0,0,0,1,0,0,0,0,2,0.0,0.0
False,meganberry@clark.biz,1-991-846-6271x54037,2vpovzopjoqppeqfa5nw,73.182.31.59,"34944 Glenn Mountain
Sherryhaven, TN 36252",meganberry,clark.biz,False,False,1,1-991-846-6271,54037,1,0,,-1,-1,4,2,0.5,29.75,11.0,42.0,119.0,4.0,,,0.25,1,2,2,0.0,0,0,2,0,0,0,0,0,1,0,0,0,1,0,0,0,0,0,0,1,0,1,0,0,0,5,1.0,0.2
False,psantiago@nelson.net,885.682.0863,qx6nhdabeaj329zdri0o,81.13.103.118,"238 Reeves Villages
Leslieton, SD 12318-4476",psantiago,nelson.net,False,False,1,885.682.0863,,0,0,,-1,-1,1,1,1.0,31.0,31.0,31.0,31.0,1.0,,,0.0,1,1,1,0.0,0,0,0,1,0,0,0,0,1,0,0,0,0,0,0,0,0,0,0,0,0,1,0,0,0,1,0.0,0.0
False,harrisnicholas@mitchell-hancock.com,(922)411-5121x98410,y3m3px7h46gor851y1pu,58.13.30.104,"357 Barbara Crossroad
Jacobsburgh, WY 09289-9170",harrisnicholas,mitchell-hancock.com,False,False,1,(922)411-5121,98410,1,0,,-1,-1,4,1,0.25,32.5,25.0,47.0,130.0,3.0,,1.0,0.0,2,2,2,0.0,1,0,1,0,1,0,0,0,0,0,1,0,0,0,0,0,1,0,0,0,1,0,0,0,0,6,2.0,0.3333333333333333
False,davismike@hotmail.com,467-222-0933x910,4hzaaor6es3iyuiavyio,162.48.39.230,"07078 Brent Ways Apt. 999
Alvarezshire, ND 82309",davismike,hotmail.com,True,False,1,467-222-0933,910,1,0,,-1,-1,3,1,0.3333333333333333,30.666666666666668,11.0,48.0,92.0,2.0,,1.0,0.0,1,1,1,1.0,0,1,0,0,0,1,0,0,0,0,0,0,0,0,0,0,0,0,0,0,0,1,0,0,0,4,1.0,0.25
True,guerramichael@hotmail.com,299-883-0904,webmbgi39hwejv3d90kt,245.38.171.222,"13553 Michelle Freeway Apt. 290
Tammyhaven, GU 02869-4630",guerramichael,hotmail.com,True,False,1,299-883-0904,,0,0,,-1,-1,0,0,,,,,0.0,,,,,1,1,1,0.0,0,0,0,1,0,0,0,0,0,0,0,1,0,0,0,0,0,0,0,0,0,0,0,0,1,0,-1.0,-inf
False,natalie98@yahoo.com,02934317865,x5ts382m7jezato91fjz,89e:31aa:e9e2:90ea:aa00:4a8c:805c:20ea,"23831 Adams Tunnel Suite 538
North David, NE 92200-7011",natalie98,yahoo.com,True,False,1,02934317865,,0,0,,-1,-1,1,1,1.0,23.0,23.0,23.0,23.0,1.0,,,0.0,1,1,1,0.0,0,0,1,0,0,0,0,0,0,0,0,0,1,0,0,0,0,0,0,0,1,0,0,0,0,1,0.0,0.0
False,karen54@mullins.biz,1-019-956-8013,ybz490o0v5781808jtzw,61.219.235.129,"526 Ronald Cliffs
West Christinaville, GU 76418",karen54,mullins.biz,False,False,1,1-019-956-8013,,0,0,,-1,-1,5,3,0.6,23.0,11.0,39.0,115.0,3.0,,2.0,0.4,1,2,2,1.0,0,0,2,0,1,0,0,0,0,0,0,0,1,0,0,0,0,0,1,0,0,0,0,1,0,8,3.0,0.375
False,avaldez@gmail.com,203-573-2041,bwgvb5w8dm6upvi7ucqc,46.130.37.206,"304 Heather Fall
East Christina, UT 45880-4522",avaldez,gmail.com,True,False,1,203-573-2041,,0,0,,-1,-1,1,1,1.0,19.0,19.0,19.0,19.0,1.0,,,0.0,1,1,1,0.0,0,0,0,1,0,0,0,0,0,1,0,0,0,0,0,0,0,0,0,0,0,0,1,0,0,2,1.0,0.5
False,blackjoel@wright.com,621.591.0560,smxfahki83m4rgsvgvki,9717:f390:29c6:8d60:aee7:a054:1b90:9493,"Unit 0643 Box 8346
DPO AA 55632-6780",blackjoel,wright.com,False,False,1,621.591.0560,,0,0,,-1,-1,5,1,0.2,35.4,10.0,50.0,177.0,5.0,,,0.0,1,1,1,0.0,0,0,1,0,0,0,0,0,0,1,0,0,0,0,0,0,0,0,0,0,0,0,0,1,0,6,1.0,0.16666666666666666
False,abigail08@yahoo.com,650-489-7595x7901,0g6v7n9n8k4pekxpqj2e,72.251.102.162,"3764 Stanley Hollow
East Catherine, CT 98470",abigail08,yahoo.com,True,False,1,650-489-7595,7901,1,0,,-1,-1,3,3,1.0,39.666666666666664,29.0,48.0,119.0,1.0,1.0,1.0,0.6666666666666666,1,2,2,1.0,0,0,2,0,0,0,0,0,0,1,0,0,1,0,0,1,0,0,0,0,0,0,0,1,0,5,2.0,0.4
True,catherine64@gmail.com,563-396-2038x288,myjxxvd3jfn1eymfy50n,1289:d2a9:c65d:8fc7:7be4:129b:d7b:cf7b,"372 Michael Club Suite 553
Herrerafort, MH 52953",catherine64,gmail.com,True,False,1,563-396-2038,288,1,0,,-1,-1,4,2,0.5,64.0,58.0,75.0,256.0,2.0,1.0,1.0,0.25,2,5,5,0.0,0,2,4,0,0,1,0,0,2,1,0,1,0,1,0,1,0,1,1,1,0,0,0,2,0,5,1.0,0.2
False,romerolauren@hotmail.com,(099)775-4222,k8t5eytta8tc8y593lcr,846:e2b8:6318:5636:946d:ca83:8076:d098,"34958 Sean View
West Robert, DE 93344-9833",romerolauren,hotmail.com,True,False,1,(099)775-4222,,0,0,,-1,-1,2,1,0.5,34.0,32.0,36.0,68.0,2.0,,,0.0,1,1,1,0.0,0,0,1,0,0,0,0,0,0,0,0,0,1,0,0,0,0,1,0,0,0,0,0,0,0,2,0.0,0.0
False,qramsey@hotmail.com,+45(0)7468859801,0o4xh6wbyuxwchh1la5f,58.43.60.165,"87265 Woods Square
Port Heidimouth, LA 03208-8304",qramsey,hotmail.com,True,False,1,+45(0)7468859801,,0,1,,-1,-1,5,1,0.2,24.6,14.0,46.0,123.0,4.0,,1.0,0.0,1,2,2,0.0,0,0,2,0,0,0,0,0,0,1,0,0,1,0,0,0,1,0,0,0,1,0,0,0,0,6,1.0,0.16666666666666666
True,9es7t@u6n7x,518.037.7423x366,uqdiolg8krd34n4phs18,3617:fa2b:f31e:5b72:59a8:cb1a:d090:edb9,"63978 Luis Ports
Yvonneville, NE 63736-2980",9es7t,u6n7x,False,False,0,518.037.7423,366,1,0,,-1,-1,1,1,1.0,16.0,16.0,16.0,16.0,1.0,,,0.0,1,1,1,0.0,0,0,1,0,0,0,0,0,0,0,0,0,0,1,1,0,0,0,0,0,0,0,0,0,0,2,1.0,0.5
False,ypruitt@hotmail.com,804-331-7488x82163,dmqmkcujj3k31g0kr9b4,224.3.233.30,"437 Jean Well
Andrewville, FM 13796",ypruitt,hotmail.com,True,False,1,804-331-7488,82163,1,0,,-1,-1,4,2,0.5,36.5,29.0,49.0,146.0,4.0,,,0.25,2,2,3,0.0,0,0,2,1,0,0,0,2,0,1,0,0,0,0,1,0,0,1,0,0,0,0,1,0,0,4,0.0,0.0
False,zbennett@frazier.com,995.449.5115x498,zxdd5co6f5pylq9it4x0,e03d:db6e:f5ca:b9cd:d64f:80fe:6177:26e1,"89773 Peterson Course Suite 625
East Amandaborough, VA 47613-8661",zbennett,frazier.com,False,False,1,995.449.5115,498,1,0,,-1,-1,0,0,,,,,0.0,,,,,0,0,0,-1.0,0,0,0,0,0,0,0,0,0,0,0,0,0,0,0,0,0,0,0,0,0,0,0,0,0,0,-1.0,-inf
False,aweaver@yahoo.com,565-347-7032,lr2c0lancqoqkosnyqnj,2432:d9dc:c6ad:ef9c:c5df:b7bf:1b48:4444,"85993 Heather Drive
East Erinhaven, KY 61109",aweaver,yahoo.com,True,False,1,565-347-7032,,0,0,,-1,-1,1,1,1.0,20.0,20.0,20.0,20.0,1.0,,,0.0,1,1,1,0.0,0,0,1,0,0,0,0,0,0,0,0,0,1,0,0,0,0,0,0,0,0,1,0,0,0,1,0.0,0.0
False,richard05@hanson-key.org,(428)021-0009,wr3wy5qmkd8qqwljulll,158.72.242.154,"432 Margaret Isle
West Kevinbury, SC 42235",richard05,hanson-key.org,False,False,1,(428)021-0009,,0,0,,-1,-1,1,1,1.0,40.0,40.0,40.0,40.0,1.0,,,0.0,1,1,1,0.0,0,0,1,0,0,0,1,0,0,0,0,0,0,0,0,0,0,0,0,0,0,1,0,0,0,1,0.0,0.0
False,paul86@hotmail.com,986-625-5606,iyac5n05j0sxp2b0cnnc,aae7:6c39:b70:7025:d60d:bab3:6547:4adc,"546 Kim Walk
South Jacquelinefurt, NM 01696",paul86,hotmail.com,True,False,1,986-625-5606,,0,0,,-1,-1,1,1,1.0,44.0,44.0,44.0,44.0,1.0,,,1.0,1,1,1,0.0,1,0,0,0,0,0,0,0,1,0,0,0,0,0,0,0,0,0,0,1,0,0,0,0,0,2,1.0,0.5
False,xwang@white.com,592.309.4963x427,1qj6z7funp3l28ym8trh,7891:9f08:9ac6:c816:7c58:26cd:ff2c:7ddc,"139 Ramirez Island Suite 885
New Joan, MT 69993",xwang,white.com,False,False,1,592.309.4963,427,1,0,,-1,-1,0,0,,,,,0.0,,,,,0,0,0,-1.0,0,0,0,0,0,0,0,0,0,0,0,0,0,0,0,0,0,0,0,0,0,0,0,0,0,0,-1.0,-inf
False,mark02@young.com,(833)029-3127,iuaio7yeshnjtrqn6qc5,107.82.81.240,"229 Michelle Union Suite 692
Lake Sarahport, AS 45607",mark02,young.com,False,False,1,(833)029-3127,,0,0,,-1,-1,4,1,0.25,33.0,10.0,49.0,132.0,4.0,,,0.0,2,2,2,0.0,0,0,1,1,0,1,0,0,0,0,0,0,1,0,1,0,0,0,0,0,1,0,0,0,0,5,1.0,0.2
True,johnlowery@gmail.com,737-377-9701x577,jz66ap43id2y35ivfqa5,6c21:ac1d:2089:68fa:abb7:8c00:525f:6588,"08238 Kyle Squares Suite 893
Millermouth, IN 27535-5397",johnlowery,gmail.com,True,False,1,737-377-9701,577,1,0,,-1,-1,0,0,,,,,0.0,,,,,1,1,1,0.0,0,0,1,0,0,1,0,0,0,0,0,0,0,0,0,0,0,1,0,0,0,0,0,0,0,0,-1.0,-inf
False,smithtiffany@davis-perkins.com,384.291.0196x66623,czrv4aped9e2ndgv89b5,141.224.72.49,"1862 Melanie Islands Apt. 152
North Williamhaven, IA 08202-2571",smithtiffany,davis-perkins.com,False,False,1,384.291.0196,66623,1,0,,-1,-1,0,0,,,,,0.0,,,,,1,1,1,0.0,0,0,1,0,0,0,0,0,0,0,0,0,1,0,0,0,0,0,0,0,0,0,1,0,0,0,-1.0,-inf
False,brandon58@conner.com,726-715-7429x06218,qywyyrk5r87k21ij3p62,225.62.150.241,"USS Barr
FPO AE 16052-3851",brandon58,conner.com,False,False,1,726-715-7429,06218,1,0,,-1,-1,3,1,0.3333333333333333,22.666666666666668,14.0,29.0,68.0,3.0,,,0.0,1,1,1,0.0,0,0,1,0,0,0,0,1,0,0,0,0,0,0,1,0,0,0,0,0,0,0,0,0,0,8,5.0,0.625
False,knichols@gmail.com,(664)946-1521x6991,w0ykvw2nrcc03lx6logd,43.108.40.6,"1742 Regina Turnpike Suite 295
West Austin, DE 93022",knichols,gmail.com,True,False,1,(664)946-1521,6991,1,0,,-1,-1,0,0,,,,,0.0,,,,,1,1,1,0.0,0,0,1,0,0,0,1,0,0,0,0,0,0,0,0,0,0,0,0,0,0,1,0,0,0,0,-1.0,-inf
False,gsimpson@cox.org,+23(4)1428642270,nf0i429dh2h2fmf287ec,20.34.8.37,"32514 Freeman Court
Port Waltermouth, SC 34012",gsimpson,cox.org,False,False,1,+23(4)1428642270,,0,1,,-1,-1,0,0,,,,,0.0,,,,,0,0,0,-1.0,0,0,0,0,0,0,0,0,0,0,0,0,0,0,0,0,0,0,0,0,0,0,0,0,0,0,-1.0,-inf
True,johnlowery@gmail.com,+16(4)9016414340,cdx178qymd6vy77nm4x3,222.79.159.140,"77711 Pamela Ridge
New Kayla, IL 27182",johnlowery,gmail.com,True,False,1,+16(4)9016414340,,0,0,,-1,-1,2,1,0.5,26.5,21.0,32.0,53.0,1.0,,1.0,0.0,1,1,1,0.0,0,0,1,0,1,0,0,0,0,0,0,0,0,0,0,0,0,0,0,0,0,1,0,0,0,3,1.0,0.3333333333333333
True,jamescampbell@randall-pacheco.biz,599-142-6783,eaul63h9guyvwuymfn3z,45.203.99.249,"29408 Lisa Lock
Port Jennifer, LA 26501-7040",jamescampbell,randall-pacheco.biz,False,False,1,599-142-6783,,0,0,,-1,-1,3,3,1.0,22.666666666666668,10.0,47.0,68.0,3.0,,,0.6666666666666666,1,2,2,0.0,0,0,2,0,0,0,1,0,0,0,0,1,0,0,0,1,0,0,0,0,1,0,0,0,0,7,4.0,0.5714285714285714
False,johnsonjennifer@yahoo.com,1-670-969-5075x27186,yqt388sj7f142rohzukc,172.191.99.44,"6395 Christopher Lakes Suite 062
South Dana, ID 74510-4952",johnsonjennifer,yahoo.com,True,False,1,1-670-969-5075,27186,1,0,,-1,-1,0,0,,,,,0.0,,,,,0,0,0,-1.0,0,0,0,0,0,0,0,0,0,0,0,0,0,0,0,0,0,0,0,0,0,0,0,0,0,0,-1.0,-inf
False,briana34@gmail.com,952-580-9304x38838,s7dtery2p2f00b7qnwvv,f793:509a:b82a:f556:b199:c649:8ab3:3f0a,"4264 Traci Mountains Suite 245
East Trevor, NC 37274-0975",briana34,gmail.com,True,False,1,952-580-9304,38838,1,0,,-1,-1,5,2,0.4,35.4,18.0,50.0,177.0,4.0,1.0,,0.2,2,2,2,0.0,1,0,0,1,0,0,0,0,1,1,0,0,0,0,0,1,0,0,0,0,0,0,0,1,0,7,2.0,0.2857142857142857
False,jonesandrea@gray.biz,+49(5)7226212913,szchbklzmzi87sa0oyz0,120.215.98.17,"33328 Mendez Shore Apt. 328
North Miguelville, MT 05102-0874",jonesandrea,gray.biz,False,False,1,+49(5)7226212913,,0,1,,-1,-1,3,3,1.0,32.0,22.0,45.0,96.0,3.0,,,0.6666666666666666,1,1,1,0.0,0,0,0,1,0,0,0,0,1,0,0,0,0,0,0,0,1,0,0,0,0,0,0,0,0,3,0.0,0.0
True,kristina41@gmail.com,1-836-334-7673,1a88bvu79nax6873na08,35.23.150.176,"5769 Ronald Brook Suite 963
Lake Jasonfurt, MS 45350-9530",kristina41,gmail.com,True,False,1,1-836-334-7673,,0,0,,-1,-1,6,5,0.8333333333333334,53.0,36.0,68.0,318.0,6.0,,,0.6666666666666666,2,3,3,0.0,1,0,2,0,0,0,0,0,1,0,1,0,1,0,0,0,1,0,0,0,0,1,0,1,0,7,1.0,0.14285714285714285
False,whodges@yahoo.com,791-857-3838x784,c0zsrf0sna9bkdhncxk3,26a2:b5fa:e76c:cf72:577b:ea46:3b20:16b0,"839 Heather Mall Suite 257
Lake Robert, AL 60583-4065",whodges,yahoo.com,True,False,1,791-857-3838,784,1,0,,-1,-1,0,0,,,,,0.0,,,,,1,1,1,0.0,1,0,0,0,0,0,0,0,0,0,0,0,1,0,0,0,0,0,0,1,0,0,0,0,0,0,-1.0,-inf
False,nolanalec@yahoo.com,+00(2)1650962747,9ytcxpehi6xw76g5qhhl,b298:90c6:ce22:e0aa:5906:4ec3:d8c:a455,"6790 Cassandra Loop
Davidton, ME 00036",nolanalec,yahoo.com,True,False,1,+00(2)1650962747,,0,0,,-1,-1,4,2,0.5,36.0,31.0,42.0,144.0,4.0,,,0.25,1,3,2,0.0,0,0,3,0,1,0,0,1,0,1,0,0,0,0,0,0,1,0,0,0,0,0,2,0,0,5,1.0,0.2
False,spencer77@reid.com,423.526.5373,7318fn930cyfirv504xp,8.13.234.51,"9811 Allison Harbors
Perryberg, SC 57620-9104",spencer77,reid.com,False,False,1,423.526.5373,,0,0,,-1,-1,2,2,1.0,25.0,17.0,33.0,50.0,1.0,,1.0,1.0,1,2,2,0.0,0,0,3,0,0,1,0,0,2,0,0,0,0,0,0,0,1,0,0,0,0,0,0,2,0,5,3.0,0.6
False,zthomas@gmail.com,731.957.1783x62296,7p70n6q6zbgfhiqqqsxy,ad37:7b02:70fb:4b74:bc77:cd13:1bed:2483,"01494 Anderson Corners Suite 314
Daviston, SC 85230",zthomas,gmail.com,True,False,1,731.957.1783,62296,1,0,,-1,-1,0,0,,,,,0.0,,,,,0,0,0,-1.0,0,0,0,0,0,0,0,0,0,0,0,0,0,0,0,0,0,0,0,0,0,0,0,0,0,0,-1.0,-inf
True,uguzman@yahoo.com,(017)893-9493,at92v1f1r3shwbeujiap,151.245.182.84,"9596 Christian Bridge
West Nicholasbury, OR 90106-9840",uguzman,yahoo.com,True,False,1,(017)893-9493,,0,0,,-1,-1,1,1,1.0,353.0,353.0,353.0,353.0,1.0,,,0.0,1,1,1,0.0,0,0,1,0,0,0,0,0,0,0,0,0,1,0,0,0,0,0,0,1,0,0,0,0,0,1,1.0,1.0
False,ssmith@levine-harmon.biz,266-228-3021x90360,7u2y3wsyj7ehzfao86md,13ff:5a93:bc34:e190:5e4b:ac80:2e2d:6217,"37549 Crawford Forest
Christopherside, KY 96656",ssmith,levine-harmon.biz,False,False,1,266-228-3021,90360,1,0,,-1,-1,5,2,0.4,28.8,17.0,36.0,144.0,4.0,1.0,,0.2,1,2,2,1.0,0,0,2,0,0,0,0,0,0,1,0,0,0,1,0,0,0,1,0,0,1,0,0,0,0,8,4.0,0.5
True,feliciabrown@gmail.com,(226)129-2677,z7xkuohhjbtiqs6q9rk9,115.137.171.103,"49680 Brian Squares Apt. 122
Port Walterburgh, MH 02766-0708",feliciabrown,gmail.com,True,False,1,(226)129-2677,,0,0,,-1,-1,1,1,1.0,41.0,41.0,41.0,41.0,1.0,,,1.0,1,1,1,0.0,0,0,1,0,0,0,0,0,1,0,0,0,0,0,0,0,0,0,0,1,0,0,0,0,0,1,0.0,0.0
False,dianacook@gmail.com,764-447-7031,ntl63nfd4sevm4xxvsyq,710e:d9d9:1ef0:cdc:ed53:10d:2c7e:667e,"938 Miranda Mountain
Alexandratown, AS 69640",dianacook,gmail.com,True,False,1,764-447-7031,,0,0,,-1,-1,2,2,1.0,19.5,19.0,20.0,39.0,1.0,,1.0,0.5,1,1,1,0.0,0,0,1,0,0,0,0,0,1,0,0,0,0,0,0,0,0,0,0,0,0,0,0,1,0,3,1.0,0.3333333333333333
False,cookbenjamin@hotmail.com,(287)694-5221x45370,8fapmchbpcdesx94tnmb,82.3.174.184,"585 Veronica Loop Suite 856
East Rebeccachester, AZ 55756",cookbenjamin,hotmail.com,True,False,1,(287)694-5221,45370,1,0,,-1,-1,4,2,0.5,35.75,14.0,49.0,143.0,4.0,,,0.25,1,1,1,0.0,0,0,1,0,0,0,0,0,0,0,1,0,0,0,0,0,0,0,1,0,0,0,0,0,0,6,2.0,0.3333333333333333
True,joserowland@jones.com,698-954-1805,znzp16ko7mtwjfxgrle4,152.211.139.83,"1292 Tricia Key Suite 062
Marthabury, KS 40445",joserowland,jones.com,False,False,1,698-954-1805,,0,0,,-1,-1,4,3,0.75,27.0,15.0,46.0,108.0,4.0,,,0.5,1,6,5,1.0,0,0,6,0,1,1,0,0,1,1,0,1,1,0,0,0,2,1,1,1,1,0,0,0,0,4,0.0,0.0
False,pattersonphilip@yahoo.com,(425)200-2228,9gyjtadv75scvq723pow,d1ca:57d4:7c58:8cd4:e100:99d8:3fd6:92f9,"258 Teresa Crescent Apt. 167
Rodriguezmouth, AS 13930",pattersonphilip,yahoo.com,True,False,1,(425)200-2228,,0,0,,-1,-1,4,4,1.0,27.5,16.0,39.0,110.0,2.0,1.0,1.0,0.75,2,2,2,0.0,0,0,1,1,1,0,0,0,1,0,0,0,0,0,0,0,0,0,1,0,1,0,0,0,0,4,0.0,0.0
True,hj8maoy@1jcfcxs7,03115487766,e3prs7zh4ueieiwlkud7,769a:4538:2bd2:8213:85ed:ca71:1ea3:dcd9,"872 Ashley Island Apt. 254
East Anthonytown, LA 10352",hj8maoy,1jcfcxs7,False,False,0,03115487766,,0,0,,-1,-1,5,1,0.2,30.4,12.0,48.0,152.0,3.0,,2.0,0.0,2,2,2,0.0,0,0,1,1,0,0,0,0,0,0,0,1,1,0,0,0,1,1,0,0,0,0,0,0,0,6,1.0,0.16666666666666666
False,finleybrianna@yahoo.com,255-915-9059x3369,m97tf30d9wpav4njjfbm,233.79.136.157,"445 Nicole Hollow
Carterton, FM 48532",finleybrianna,yahoo.com,True,False,1,255-915-9059,3369,1,0,,-1,-1,4,1,0.25,36.0,16.0,44.0,144.0,3.0,,1.0,0.0,1,1,1,0.0,0,0,1,0,1,0,0,0,0,0,0,0,0,0,1,0,0,0,0,0,0,0,0,0,0,7,4.0,0.5714285714285714
True,suzanne21@gmail.com,1-043-962-2576,ewc3gyloi1ing9o64jpt,4834:7ccb:15de:9123:5658:42c3:cc50:79f,"398 Latasha Canyon
Kathyland, LA 36717-2161",suzanne21,gmail.com,True,False,1,1-043-962-2576,,0,0,,-1,-1,3,2,0.6666666666666666,30.666666666666668,24.0,37.0,92.0,2.0,,1.0,0.3333333333333333,2,2,2,0.0,0,1,1,0,0,0,1,0,0,0,0,0,0,1,0,0,0,0,0,0,0,0,0,0,2,5,2.0,0.4
True,johnlowery@gmail.com,04712252182,311kdz4c1210iixltk2j,42b3:df19:86fe:abd9:dafe:f6c1:eb76:c72,"11704 Andrew Villages Apt. 035
Jamesfurt, OR 49817-0470",johnlowery,gmail.com,True,False,1,04712252182,,0,0,,-1,-1,5,3,0.6,26.4,11.0,42.0,132.0,5.0,,,0.4,1,1,1,0.0,0,0,1,0,0,0,0,0,0,0,0,0,1,0,0,0,0,0,0,0,0,1,0,0,0,7,2.0,0.2857142857142857
False,kristaavery@lewis-baird.com,242.165.5396x07020,3wqhnieu6nbcis8x7h3j,180.223.72.88,"73802 Aaron Field Apt. 622
Port Lisa, MO 01167",kristaavery,lewis-baird.com,False,False,1,242.165.5396,07020,1,0,,-1,-1,1,1,1.0,16.0,16.0,16.0,16.0,1.0,,,1.0,2,3,3,1.0,0,1,2,0,0,0,1,1,1,0,0,0,0,0,0,1,0,0,1,0,0,0,0,1,0,1,1.0,1.0
False,dana23@lawrence.net,+78(3)5889318722,1c9wdri783k7ts0a6ix0,168.52.139.112,"USNV Bennett
FPO AE 82607-5790",dana23,lawrence.net,False,False,1,+78(3)5889318722,,0,1,,-1,-1,0,0,,,,,0.0,,,,,1,1,1,0.0,0,0,1,0,0,0,1,0,0,0,0,0,0,0,0,0,0,0,0,1,0,0,0,0,0,0,-1.0,-inf
True,cathy42@gibson.com,754.248.6239x43965,c3r2qzqwc9anp6utob7n,7493:ab04:47ff:3a14:67d6:a128:a5b6:1500,"046 Carson Crescent
South Jacksonview, NV 22839-2652",cathy42,gibson.com,False,False,1,754.248.6239,43965,1,0,,-1,-1,3,3,1.0,29.0,14.0,50.0,87.0,3.0,,,0.6666666666666666,4,9,9,3.0,1,1,11,2,0,3,1,1,1,1,1,4,2,1,2,1,1,2,0,2,2,2,1,2,0,3,0.0,0.0
False,michelleherrera@day.info,1-991-286-0655x973,s7m2fjcrk1y7lj0amm08,fb35:e7e4:1368:817f:b75e:6473:d60b:93a8,"586 Johnson Courts
South Timothymouth, OH 66490",michelleherrera,day.info,False,False,1,1-991-286-0655,973,1,0,,-1,-1,4,2,0.5,35.0,15.0,48.0,140.0,3.0,,1.0,0.25,1,1,1,1.0,0,1,0,0,0,0,1,0,0,0,0,0,0,0,0,0,0,1,0,0,0,0,0,0,0,6,2.0,0.3333333333333333
False,brockmatthew@hotmail.com,800.814.4655x012,132m3ourosp5a28ksvou,188.74.171.130,"08645 Alvarado Way Suite 514
Millerfurt, AL 86782-0548",brockmatthew,hotmail.com,True,False,1,800.814.4655,012,1,0,,-1,-1,0,0,,,,,0.0,,,,,0,0,0,-1.0,0,0,0,0,0,0,0,0,0,0,0,0,0,0,0,0,0,0,0,0,0,0,0,0,0,0,-1.0,-inf
False,ijuarez@yahoo.com,705.315.1466x180,ztef2ig476czoj3mzkyl,9247:4a63:f325:1e5e:fcbb:ea08:304b:48ad,"Unit 0375 Box 6645
DPO AP 74311",ijuarez,yahoo.com,True,False,1,705.315.1466,180,1,0,,-1,-1,3,3,1.0,24.0,13.0,45.0,72.0,3.0,,,0.6666666666666666,1,2,2,1.0,0,0,2,0,0,0,1,0,0,0,0,0,1,0,0,0,0,1,0,1,0,0,0,0,0,3,0.0,0.0
False,hughesjonathan@pena.org,05514762453,ntjnc4h0ldd2yia6m7u6,5176:b1b5:d308:40b9:7c25:f5bf:4258:52d2,"7444 Shelby Fords Apt. 290
Rhondaland, AS 85277-9573",hughesjonathan,pena.org,False,False,1,05514762453,,0,0,,-1,-1,5,3,0.6,37.0,25.0,49.0,185.0,3.0,1.0,1.0,0.4,1,3,3,0.0,0,0,3,0,0,0,0,0,0,1,0,0,1,1,0,1,0,0,0,1,1,0,0,0,0,7,3.0,0.42857142857142855
False,anthony04@gmail.com,1-910-678-8300,pabten624qp5gacfxnxh,248.33.149.88,"412 Joshua Knoll Apt. 533
Davidland, ME 61496",anthony04,gmail.com,True,False,1,1-910-678-8300,,0,0,,-1,-1,2,1,0.5,24.5,15.0,34.0,49.0,2.0,,,0.0,1,1,1,1.0,0,0,1,0,0,0,0,0,0,1,0,0,0,0,0,0,1,0,0,0,0,0,0,0,0,2,0.0,0.0
False,mgould@yahoo.com,1-394-145-7899x0176,o7xocau2odnpc1so7ued,e85d:101b:e213:d8d0:8722:3fce:1e31:17f3,"19170 Hansen Throughway
Wilkersonville, PA 09423",mgould,yahoo.com,True,False,1,1-394-145-7899,0176,1,0,,-1,-1,4,2,0.5,24.5,20.0,35.0,98.0,4.0,,,0.25,1,2,2,1.0,0,0,2,0,0,1,0,0,0,0,0,0,1,0,0,0,0,0,1,0,0,0,1,0,0,5,1.0,0.2
False,bakersydney@gmail.com,002.940.3004x9094,18cnggmlahgf7trpqsu8,246.139.218.89,"8649 Mcgee Locks Apt. 114
North Angelafort, IN 05272-4651",bakersydney,gmail.com,True,False,1,002.940.3004,9094,1,0,,-1,-1,3,2,0.6666666666666666,35.666666666666664,32.0,41.0,107.0,3.0,,,0.3333333333333333,1,1,1,0.0,0,0,1,0,0,0,0,0,0,0,0,0,0,1,0,0,0,0,0,1,0,0,0,0,0,5,2.0,0.4
False,kevinreyes@johnston.net,1-586-561-8956x40209,jfu1ob6izknk46i3ddxw,e0ec:bc57:9219:e4b:9192:64c2:82cd:4983,"958 House Plaza
Barnesberg, WA 67085-1912",kevinreyes,johnston.net,False,False,1,1-586-561-8956,40209,1,0,,-1,-1,0,0,,,,,0.0,,,,,1,1,1,0.0,0,0,1,0,0,0,0,0,1,0,0,0,0,0,0,1,0,0,0,0,0,0,0,0,0,0,-1.0,-inf
False,udavis@clark.com,(942)067-2430,y7b7eqwqn34mytvn1i5z,146.191.70.148,"9923 Williams Ramp
East Lauraburgh, GA 48874",udavis,clark.com,False,False,1,(942)067-2430,,0,0,,-1,-1,3,2,0.6666666666666666,13.666666666666666,10.0,18.0,41.0,3.0,,,0.3333333333333333,1,1,1,0.0,0,1,0,0,0,0,0,0,0,0,0,0,1,0,0,0,0,0,0,0,0,0,0,1,0,3,0.0,0.0
True,nancymayo@brown.com,830-346-6543x518,1asmfecu4hbv73a2r5jy,79.112.154.104,"6927 Nathan Mountains
North April, PA 95355-9109",nancymayo,brown.com,False,False,1,830-346-6543,518,1,0,,-1,-1,6,2,0.3333333333333333,49.333333333333336,30.0,72.0,296.0,4.0,1.0,1.0,0.16666666666666666,1,2,2,1.0,2,0,0,0,1,1,0,0,0,0,0,0,0,0,1,0,1,0,0,0,0,0,0,0,0,7,1.0,0.14285714285714285
True,johnlowery@gmail.com,1-820-539-4726x993,2in0fh7lep289n8dcbdz,163.128.139.42,"814 Wagner Union
Ashleymouth, HI 35617",johnlowery,gmail.com,True,False,1,1-820-539-4726,993,1,0,,-1,-1,2,1,0.5,37.0,34.0,40.0,74.0,2.0,,,0.0,1,1,1,0.0,0,0,1,0,0,0,0,0,1,0,0,0,0,0,0,1,0,0,0,0,0,0,0,0,0,2,0.0,0.0
True,warrenedward@arnold.com,201.737.5119x64000,6py7ewqjkxjw8zjl9eri,45.203.99.249,"49680 Brian Squares Apt. 122
Port Walterburgh, MH 02766-0708",warrenedward,arnold.com,False,False,1,201.737.5119,64000,1,0,,-1,-1,4,3,0.75,29.25,11.0,47.0,117.0,4.0,,,0.5,2,7,7,4.0,4,0,10,0,2,1,0,1,3,0,0,1,5,1,0,1,2,2,2,0,0,1,3,3,0,4,0.0,0.0
False,rbolton@hotmail.com,04454448537,znuylfikiuid1orrwsvt,911e:44d8:824c:85a3:ba7a:6513:8d40:c4c3,"150 Kenneth Bypass Apt. 791
Kevinton, VT 92488",rbolton,hotmail.com,True,False,1,04454448537,,0,0,,-1,-1,4,1,0.25,22.5,17.0,27.0,90.0,4.0,,,0.0,2,2,3,0.0,1,0,2,0,0,0,0,0,0,0,0,2,0,1,0,0,0,1,0,1,0,0,0,1,0,5,2.0,0.4
True,michael57@oconnor.com,06109351281,vqvlsaw0j6p0r8sij1qs,30.23.223.15,"905 David Rest
Nicolemouth, OK 53015-0063",michael57,oconnor.com,False,False,1,06109351281,,0,0,,-1,-1,0,0,,,,,0.0,,,,,2,2,2,0.0,0,1,1,0,0,0,1,0,0,0,0,1,0,0,0,0,0,0,0,0,0,0,0,0,2,0,-1.0,-inf
True,jonathan99@stafford.org,(986)656-8692x32356,1mt65bhu4bzyrmzeitz6,ecc1:e4b8:65e1:d1e:bf58:b09d:3c50:509,"4913 Wright Ranch
Roymouth, VI 48629",jonathan99,stafford.org,False,False,1,(986)656-8692,32356,1,0,,-1,-1,2,1,0.5,46.0,46.0,46.0,92.0,1.0,1.0,,0.0,1,1,1,0.0,0,0,1,0,0,0,0,0,0,0,1,0,0,0,0,0,0,0,0,0,0,1,0,0,0,2,0.0,0.0
True,lleonard@turner-fleming.com,1-414-937-7421x73705,yfpqgg5oxsn107veaala,97.111.97.42,"96103 Riley Walks
Michellefort, ID 98085-6066",lleonard,turner-fleming.com,False,False,1,1-414-937-7421,73705,1,0,,-1,-1,8,3,0.375,58.875,40.0,75.0,471.0,5.0,2.0,1.0,0.25,1,1,1,0.0,0,0,1,0,0,0,0,1,0,0,0,0,0,0,0,1,0,0,0,0,0,0,0,0,0,11,3.0,0.2727272727272727
True,whitedavid@jones-lloyd.org,902.047.2861,jvab5ehh3y5u4spybjm4,95.228.108.171,"881 Jessica Ford
Ericksonhaven, FL 83492-3227",whitedavid,jones-lloyd.org,False,False,1,902.047.2861,,0,0,,-1,-1,5,2,0.4,56.6,43.0,73.0,283.0,4.0,,1.0,0.2,2,3,4,1.0,1,0,3,0,0,0,1,1,2,0,0,0,0,0,0,1,0,1,0,0,0,0,1,1,0,5,0.0,0.0
False,grace99@wright.com,257-706-1003x92053,1rqqqzad6b2grmhvktxf,3c3d:d324:e445:35c:4d73:936a:e1bb:ce99,"88469 Rebecca Land
West Kyleborough, DC 15715-5196",grace99,wright.com,False,False,1,257-706-1003,92053,1,0,,-1,-1,0,0,,,,,0.0,,,,,1,1,1,0.0,0,0,0,1,0,0,0,0,0,1,0,0,0,0,0,0,0,0,0,0,0,0,1,0,0,0,-1.0,-inf
False,tayloreric@gmail.com,1-160-137-7889x74832,sjoj10iss04dq90i4w7x,3.75.86.140,"3195 Farmer Mills Apt. 946
Brittanymouth, IA 14170",tayloreric,gmail.com,True,False,1,1-160-137-7889,74832,1,0,,-1,-1,3,1,0.3333333333333333,23.333333333333332,15.0,39.0,70.0,2.0,,1.0,0.0,2,2,2,1.0,0,1,1,0,0,0,1,0,0,0,0,0,0,1,0,0,0,0,1,1,0,0,0,0,0,4,1.0,0.25
True,shelby24@hotmail.com,(071)934-3315x27613,obb41ux0zfa2td5ajo9s,45.203.99.249,"3271 Cynthia Groves
Port Jeremyberg, CO 27305",shelby24,hotmail.com,True,False,1,(071)934-3315,27613,1,0,,-1,-1,4,2,0.5,39.75,33.0,50.0,159.0,3.0,,1.0,0.25,1,2,2,1.0,0,0,2,0,0,1,0,0,0,0,1,0,0,0,0,1,0,0,0,0,0,0,0,1,0,5,1.0,0.2
False,cindydelgado@gmail.com,523.689.5105x7670,z3vo5aropo8rd2lfqrnq,86.201.239.98,"7835 Jasmine Mission Suite 502
Port Alejandra, WA 47942-2517",cindydelgado,gmail.com,True,False,1,523.689.5105,7670,1,0,,-1,-1,4,1,0.25,36.5,16.0,49.0,146.0,3.0,,1.0,0.0,1,1,1,0.0,0,0,0,1,0,0,0,0,0,0,0,0,1,0,0,0,0,0,1,0,0,0,0,0,0,4,0.0,0.0
True,brittanydean@hotmail.com,06238721842,yq8xiivmx4prlgx0gofo,3517:8e52:885:8640:a59:f5fd:cb33:b06a,"49680 Brian Squares Apt. 122
Port Walterburgh, MH 02766-0708",brittanydean,hotmail.com,True,False,1,06238721842,,0,0,,-1,-1,4,1,0.25,32.5,15.0,43.0,130.0,4.0,,,1.0,1,1,1,0.0,0,0,1,0,0,0,0,0,0,0,0,0,0,1,0,0,0,0,1,0,0,0,0,0,0,6,2.0,0.3333333333333333
False,watkinscaroline@lewis-haas.com,153-392-3908x8124,mcfj07mm32tyodtfh7z2,244.18.220.218,"991 Melton Viaduct
Wagnerville, NH 56051",watkinscaroline,lewis-haas.com,False,False,1,153-392-3908,8124,1,0,,-1,-1,2,2,1.0,19.0,11.0,27.0,38.0,2.0,,,0.5,1,1,1,0.0,0,0,1,0,0,0,0,0,0,1,0,0,0,0,0,0,0,0,0,0,0,1,0,0,0,2,0.0,0.0
False,marissacollins@mckinney.com,09686705337,jx3d90d32iz1zlo5jntm,a2df:1771:97bf:98cb:3a4c:c7ec:a113:b080,"95667 Alex Burg
Greenton, NH 20710-0614",marissacollins,mckinney.com,False,False,1,09686705337,,0,0,,-1,-1,5,3,0.6,30.8,12.0,46.0,154.0,5.0,,,0.4,1,1,1,0.0,0,0,1,0,0,0,0,1,0,0,0,0,0,0,0,0,0,0,0,0,0,1,0,0,0,6,2.0,0.3333333333333333
True,craig83@rasmussen-alvarado.com,122-259-7479x336,s93o0wj3eqd9whcy9ng3,35.212.254.226,"10068 Adam Rapids Suite 792
Rileyburgh, GA 11372",craig83,rasmussen-alvarado.com,False,False,1,122-259-7479,336,1,0,,-1,-1,2,2,1.0,20.5,20.0,21.0,41.0,2.0,,,0.5,3,7,4,2.0,3,2,8,0,0,1,0,0,4,1,1,1,2,3,5,0,0,2,0,5,0,0,0,1,0,2,1.0,0.5
False,thernandez@johnson-quinn.com,(940)148-2704,y2n05wrk1bg8w21bey0t,1f62:a7f0:6db0:caee:9b6a:eafd:dfea:c50,"911 Miller Summit Suite 426
Port Ashley, IA 03124-9666",thernandez,johnson-quinn.com,False,False,1,(940)148-2704,,0,0,,-1,-1,2,1,0.5,18.0,14.0,22.0,36.0,2.0,,,0.0,1,1,1,0.0,0,0,1,0,0,0,0,0,0,0,0,0,1,0,0,0,0,0,0,0,0,0,0,1,0,2,0.0,0.0
False,emilyroberts@hotmail.com,479.228.3536,dpgcbcifnntnq2ht4owp,87.18.25.113,"94798 Reed Park Apt. 840
Port Normanborough, ME 36946-3989",emilyroberts,hotmail.com,True,False,1,479.228.3536,,0,0,,-1,-1,2,1,0.5,18.0,14.0,22.0,36.0,1.0,1.0,,0.0,1,1,1,1.0,0,0,0,1,0,0,0,0,1,0,0,0,0,0,1,0,0,0,0,0,0,0,0,0,0,2,0.0,0.0
True,ukline@spears.biz,(199)535-2932,vv7fwhdfrxaeozga5be6,990a:643c:1936:30db:f90:90fe:c1e0:47c,"2038 Billy Turnpike
Barreraside, AR 77704-0733",ukline,spears.biz,False,False,1,(199)535-2932,,0,0,,-1,-1,0,0,,,,,0.0,,,,,3,3,3,0.0,0,1,1,1,0,0,0,0,0,1,1,0,0,1,0,0,0,0,0,0,0,0,0,0,3,0,-1.0,-inf
True,vmiller@hotmail.com,000-734-4774,b1tjk5s0j9ybj1qpt3ik,164.79.214.9,"PSC 9111, Box 9839
APO AA 57283-9646",vmiller,hotmail.com,True,False,1,000-734-4774,,0,0,,-1,-1,8,7,0.875,54.0,36.0,64.0,432.0,7.0,,1.0,0.75,1,1,1,0.0,0,0,1,0,0,0,0,0,1,0,0,0,0,0,0,0,1,0,0,0,0,0,0,0,0,10,3.0,0.3
True,david45@gmail.com,(508)223-3834,l6qv05oe0h0j78kx84ex,9d8d:535b:36fc:8773:bec0:8fa5:3206:4cb5,"5360 Adams Falls Suite 829
Hensleymouth, WV 86746-6334",david45,gmail.com,True,False,1,(508)223-3834,,0,0,,-1,-1,8,6,0.75,56.5,36.0,74.0,452.0,8.0,,,0.625,3,5,4,0.0,1,1,3,0,0,1,1,1,1,0,0,0,0,1,0,1,0,1,0,1,2,0,0,0,0,10,3.0,0.3
True,fdavis@wolfe-brown.com,143-448-8038x81186,gt7k74rsgtklj0zjx8gl,69.138.168.116,"6609 Hannah Road Suite 577
Richardchester, AL 20921",fdavis,wolfe-brown.com,False,False,1,143-448-8038,81186,1,0,,-1,-1,3,2,0.6666666666666666,24.0,17.0,30.0,72.0,3.0,,,0.3333333333333333,2,3,3,1.0,0,0,2,1,0,1,0,0,0,0,1,0,0,1,0,1,0,0,0,0,0,0,0,0,2,3,0.0,0.0
False,kathleenlee@yahoo.com,03898354581,3nl9r01aoqks8pn0m4hb,143.172.2.212,"206 Olson Viaduct Apt. 982
North Charleschester, CA 67567",kathleenlee,yahoo.com,True,False,1,03898354581,,0,0,,-1,-1,4,2,0.5,30.25,10.0,41.0,121.0,3.0,1.0,,0.25,2,2,3,0.0,1,0,2,0,1,2,0,0,0,0,0,0,0,0,0,1,0,1,0,0,0,1,0,0,0,6,2.0,0.3333333333333333
False,benjamin19@gmail.com,145-419-0237x139,akahn9g6l5245a3zfby6,d7d:faf5:36a8:6b28:f7bc:b265:7611:ceda,"90771 Daniel Field Apt. 429
North Jamesland, IL 45690",benjamin19,gmail.com,True,False,1,145-419-0237,139,1,0,,-1,-1,3,1,0.3333333333333333,25.333333333333332,11.0,47.0,76.0,3.0,,,0.0,2,2,2,1.0,0,0,1,1,0,0,1,0,0,0,0,0,1,0,0,0,0,1,0,1,0,0,0,0,0,4,1.0,0.25
True,mtrevino@gutierrez.net,390.417.8057,pycmjs4dqylc8rb0s9pt,6694:eef3:c2a3:9181:42a0:2df9:b2c1:2acd,"767 Tiffany Drive
Mirandaview, OH 42972-3228",mtrevino,gutierrez.net,False,False,1,390.417.8057,,0,0,,-1,-1,1,1,1.0,17.0,17.0,17.0,17.0,,1.0,,0.0,1,4,4,2.0,0,0,4,0,1,0,0,1,1,0,0,0,0,1,1,1,1,0,0,0,1,0,0,0,0,1,1.0,1.0
True,tmcpherson@wright.com,1-804-264-1481x08539,ui77ukzr5lnqpajdk03u,296d:59fe:a919:21ac:16dd:96f5:10b3:4f83,"7956 Alex Avenue Apt. 593
Port Michael, OK 41350",tmcpherson,wright.com,False,False,1,1-804-264-1481,08539,1,0,,-1,-1,8,4,0.5,43.875,33.0,72.0,351.0,7.0,1.0,,0.375,1,1,1,1.0,0,0,1,0,0,0,0,0,0,0,0,1,0,0,0,0,0,0,0,0,0,1,0,0,0,13,6.0,0.46153846153846156
True,wdelacruz@yahoo.com,155.688.4242x443,fmm4yabu9llergl9qbl9,cd18:5626:a1c4:7e99:addf:368e:c98:e772,"3074 Caroline Oval
Lake Maryburgh, MA 15880",wdelacruz,yahoo.com,True,False,1,155.688.4242,443,1,0,,-1,-1,4,3,0.75,57.75,46.0,72.0,231.0,2.0,,2.0,0.5,1,1,1,0.0,0,0,1,0,0,0,0,0,1,0,0,0,0,0,0,0,0,1,0,0,0,0,0,0,0,4,1.0,0.25
True,brooksdustin@knight.info,345.319.0722x7868,dhe9trcjv1fyr2vr18q2,172.69.105.137,"8554 John Forge Apt. 284
Port Kimberlyburgh, NM 29954-7053",brooksdustin,knight.info,False,False,1,345.319.0722,7868,1,0,,-1,-1,1,1,1.0,17.0,17.0,17.0,17.0,1.0,,,0.0,2,2,2,0.0,0,1,1,0,0,0,0,1,0,0,0,0,1,0,0,0,0,0,0,0,0,0,0,0,2,1,0.0,0.0
False,ybrown@gmail.com,+32(2)6119524982,nsbh7z6p9hw17qq4mhhh,101.94.37.245,"5154 Fernandez Points Apt. 712
Mcguirehaven, MN 91595",ybrown,gmail.com,True,False,1,+32(2)6119524982,,0,1,,-1,-1,4,1,0.25,33.5,10.0,46.0,134.0,3.0,,1.0,0.0,1,3,2,0.0,0,0,3,0,0,0,0,0,1,0,0,0,1,1,0,1,0,0,2,0,0,0,0,0,0,5,1.0,0.2
False,vreyes@cruz.info,029-308-3389,dcxumu40bfvtofs61r9c,4169:eb39:d5db:e1ab:b739:6e98:70:4f39,"3120 Horne Vista
Port Emmaview, LA 25479",vreyes,cruz.info,False,False,1,029-308-3389,,0,0,,-1,-1,1,1,1.0,30.0,30.0,30.0,30.0,1.0,,,0.0,1,1,1,0.0,0,0,1,0,0,0,0,0,0,0,0,1,0,0,0,0,1,0,0,0,0,0,0,0,0,1,0.0,0.0
True,3fooiar@6eph,1-774-301-9632x42146,by46esafzb52tuqcy9d1,181.88.44.76,"942 Hopkins Loaf Suite 128
Port Clifford, AK 28150",3fooiar,6eph,False,False,0,1-774-301-9632,42146,1,0,,-1,-1,0,0,,,,,0.0,,,,,1,1,1,0.0,0,0,1,0,0,0,0,0,0,0,1,0,0,0,0,0,0,0,1,0,0,0,0,0,0,0,-1.0,-inf
False,nicolekelly@hotmail.com,02296551953,26buke7oqcdrk1x78588,242.102.134.32,"Unit 6251 Box 1562
DPO AP 54457-8709",nicolekelly,hotmail.com,True,False,1,02296551953,,0,0,,-1,-1,1,1,1.0,42.0,42.0,42.0,42.0,1.0,,,1.0,1,1,1,0.0,0,0,1,0,0,0,0,0,0,0,0,1,0,0,0,0,0,0,0,1,0,0,0,0,0,1,0.0,0.0
False,barronelizabeth@singh.org,867.528.2694x83638,ck37pcnsqa9po9g1euae,130.55.185.234,"8663 Kaitlyn Key
Brittanyview, CT 46389",barronelizabeth,singh.org,False,False,1,867.528.2694,83638,1,0,,-1,-1,4,2,0.5,24.5,16.0,39.0,98.0,4.0,,,0.25,2,2,2,0.0,0,0,1,1,0,0,0,0,1,0,0,0,0,1,0,0,0,0,1,0,0,1,0,0,0,5,1.0,0.2
False,phillip89@gmail.com,649-150-0665,jyk9fawabmu0yi4ee69q,2.47.31.110,"2672 Jeffrey Cove
Michaelport, ND 40991-4174",phillip89,gmail.com,True,False,1,649-150-0665,,0,0,,-1,-1,3,1,0.3333333333333333,24.666666666666668,13.0,45.0,74.0,2.0,1.0,,0.0,1,1,1,0.0,0,0,1,0,0,0,0,1,0,0,0,0,0,0,0,0,0,1,0,0,0,0,0,0,0,3,0.0,0.0
True,ugood@mosley.info,869-856-7969,qdrwvtooysq6q0i0asm7,7847:656d:453b:4e2d:8493:82f8:cff:502e,"88979 Jennifer Field Suite 069
Robertchester, CT 26498-8802",ugood,mosley.info,False,False,1,869-856-7969,,0,0,,-1,-1,2,2,1.0,70.5,67.0,74.0,141.0,2.0,,,0.5,3,3,4,0.0,1,0,2,1,0,1,0,0,2,0,0,1,0,0,0,1,0,1,0,0,1,0,0,1,0,2,0.0,0.0
False,zgraham@yahoo.com,1-469-696-6266,t2ztblzdu5hhzuo5fl6g,114.134.196.43,"4608 Travis Spring
Sarahtown, KS 65613",zgraham,yahoo.com,True,False,1,1-469-696-6266,,0,0,,-1,-1,4,1,0.25,27.0,11.0,43.0,108.0,4.0,,,0.0,2,3,3,0.0,1,0,2,0,0,0,1,0,0,1,0,0,0,1,0,0,0,0,1,0,1,0,0,1,0,5,2.0,0.4
False,pchavez@randolph.com,(569)110-7736,ol87wpzs0jpsw13jlyko,acba:ba43:ae87:641c:3009:8355:c6ff:15b9,"3604 Lyons Prairie
Allenbury, WI 26089-9330",pchavez,randolph.com,False,False,1,(569)110-7736,,0,0,,-1,-1,1,1,1.0,39.0,39.0,39.0,39.0,1.0,,,0.0,1,1,1,0.0,0,0,0,1,0,0,0,0,0,1,0,0,0,0,0,0,0,1,0,0,0,0,0,0,0,1,0.0,0.0
True,marywalker@gmail.com,828-124-3490,kah1gtidszvnkih1lvtd,11.165.157.167,"4025 Rivera Mill
West Justin, UT 11158",marywalker,gmail.com,True,False,1,828-124-3490,,0,0,,-1,-1,3,3,1.0,22.666666666666668,14.0,35.0,68.0,2.0,,1.0,1.0,2,3,3,0.0,0,1,2,0,1,0,0,0,1,0,0,0,1,0,0,0,0,0,0,0,0,0,0,0,3,4,1.0,0.25
False,shawseth@stout-novak.com,00065094171,svq3bmo24fmvgqjpzb7i,d606:a3a7:a070:6a0:3aa1:c662:1492:ae8c,"3257 Mercado Underpass Suite 577
South Jordanville, MN 63747-7262",shawseth,stout-novak.com,False,False,1,00065094171,,0,0,,-1,-1,0,0,,,,,0.0,,,,,1,1,1,0.0,0,0,1,0,0,0,0,0,0,0,0,0,1,0,0,0,0,0,1,0,0,0,0,0,0,0,-1.0,-inf
False,smithtonya@huffman.org,1-753-714-9977x4456,fd5khwqxgptuyvtl59mp,7243:82ce:52ca:f27b:f116:30c0:f704:59f3,"401 Linda Circles Apt. 670
Raymondton, OH 67056-3087",smithtonya,huffman.org,False,False,1,1-753-714-9977,4456,1,0,,-1,-1,3,1,0.3333333333333333,27.0,14.0,35.0,81.0,3.0,,,0.0,1,1,1,0.0,0,0,1,0,0,0,0,0,1,0,0,0,0,0,0,0,0,0,1,0,0,0,0,0,0,3,0.0,0.0
False,hamiltonchristopher@yahoo.com,(600)151-8836x7328,c9qyfs1gmssc5ia83wi0,117.6.168.209,"32609 Mark Vista Apt. 688
Huynhstad, MN 06562",hamiltonchristopher,yahoo.com,True,False,1,(600)151-8836,7328,1,0,,-1,-1,1,1,1.0,39.0,39.0,39.0,39.0,1.0,,,1.0,1,3,3,0.0,0,0,3,0,0,1,0,1,0,0,0,0,1,0,0,0,0,1,0,0,1,0,1,0,0,2,1.0,0.5
True,amywright@wallace-johnson.com,629.489.3980,n29he2b6a841zcbiw2i9,254.155.117.48,"403 Anna Center Apt. 947
Meganhaven, GA 46627",amywright,wallace-johnson.com,False,False,1,629.489.3980,,0,0,,-1,-1,6,4,0.6666666666666666,52.0,32.0,74.0,312.0,3.0,,3.0,0.5,1,1,1,1.0,0,1,0,0,0,0,0,0,0,0,0,0,1,0,0,0,0,1,0,0,0,0,0,0,0,6,1.0,0.16666666666666666
True,iray@rogers.com,738-700-9649x102,qkkvc35qa3mx8g1t1jr2,4338:887b:3e9b:f16d:7257:2a21:6559:e9a4,"Unit 4843 Box 7401
DPO AP 92304-9120",iray,rogers.com,True,False,1,738-700-9649,102,1,0,,-1,-1,5,3,0.6,45.4,31.0,61.0,227.0,4.0,,1.0,0.4,2,5,4,0.0,0,1,4,0,0,1,1,0,1,0,0,0,1,1,0,1,0,0,0,0,1,1,2,0,0,5,0.0,0.0
True,ctaylor@yahoo.com,1-020-923-6697x8718,uu141ykhyig0cj3s98jr,dda2:66e0:4279:3c1b:ac29:4cbb:5ea3:c26b,"87096 Warren Turnpike
Howellview, WA 74727-2420",ctaylor,yahoo.com,True,False,1,1-020-923-6697,8718,1,0,,-1,-1,6,1,0.16666666666666666,54.666666666666664,32.0,72.0,328.0,6.0,,,0.0,1,4,4,0.0,0,0,6,0,1,0,0,0,3,1,0,0,1,0,1,0,2,1,0,2,0,0,0,0,0,8,2.0,0.25
False,kellyfrank@atkinson.com,385.658.6769x97942,7oxxcwtvj7ypxqjgot80,77a1:d842:acfc:5d50:a803:70c1:4f8b:7cfc,"05919 Lopez Hollow
Noblestad, IN 29012",kellyfrank,atkinson.com,False,False,1,385.658.6769,97942,1,0,,-1,-1,0,0,,,,,0.0,,,,,1,1,1,0.0,0,0,1,0,0,0,0,0,0,0,0,0,0,1,0,0,0,0,0,0,1,0,0,0,0,0,-1.0,-inf
False,gomezjohn@yahoo.com,1-333-131-2746x6449,21rpvi89b6uon3c3x8gc,a8da:1d73:a062:6289:e6a6:7bcc:51b2:6dcb,"PSC 1043, Box 1089
APO AA 29395-9131",gomezjohn,yahoo.com,True,False,1,1-333-131-2746,6449,1,0,,-1,-1,2,2,1.0,29.5,16.0,43.0,59.0,,1.0,1.0,0.5,1,1,1,0.0,0,0,1,0,0,0,0,1,0,0,0,0,0,0,0,0,0,0,0,0,0,1,0,0,0,2,0.0,0.0
False,mullenstephanie@yahoo.com,(616)674-0266x776,056bfyj4m7svmdeex8z1,50.190.231.22,"3483 Frank Estate Apt. 466
Thomasburgh, MP 54561-8178",mullenstephanie,yahoo.com,True,False,1,(616)674-0266,776,1,0,,-1,-1,3,2,0.6666666666666666,19.0,12.0,28.0,57.0,3.0,,,0.3333333333333333,2,2,2,0.0,0,1,0,1,0,1,0,0,0,0,1,0,0,0,0,0,0,0,0,1,0,0,1,0,0,3,0.0,0.0
False,wbeltran@ramirez-shaffer.com,1-627-545-5097x7356,z0uxvp8sio7nyv7op58j,1b75:d451:c48a:12:cfc7:bc1e:d748:ee62,"4873 Perez Groves
West Gregoryburgh, NH 45193-3053",wbeltran,ramirez-shaffer.com,False,False,1,1-627-545-5097,7356,1,0,,-1,-1,0,0,,,,,0.0,,,,,0,0,0,-1.0,0,0,0,0,0,0,0,0,0,0,0,0,0,0,0,0,0,0,0,0,0,0,0,0,0,0,-1.0,-inf
True,koneal@henderson.biz,059.431.5467x7848,gcfo5uheb9mugbstbjez,85.188.105.126,"056 Megan Trail Suite 355
West Zachary, GU 51278-2318",koneal,henderson.biz,False,False,1,059.431.5467,7848,1,0,,-1,-1,4,1,0.25,24.5,11.0,38.0,98.0,4.0,,,0.0,1,1,1,0.0,0,1,0,0,0,0,0,0,0,0,0,0,1,0,0,0,0,0,0,0,0,0,0,0,1,4,0.0,0.0
False,xramos@hardy.net,658-087-1973x688,4kl0sso2vjavht738gbq,472b:1d87:5a09:953a:8ced:a2bf:e862:b927,"522 Christensen Mall Apt. 479
Mitchellville, NJ 37446-7414",xramos,hardy.net,False,False,1,658-087-1973,688,1,0,,-1,-1,0,0,,,,,0.0,,,,,1,1,1,0.0,0,0,0,1,0,0,0,0,0,0,1,0,0,0,0,0,0,0,0,1,0,0,0,0,0,0,-1.0,-inf
False,brianthomas@yahoo.com,04061905118,1djsf7mffce2xhvsf139,219.222.4.152,"9205 Jeremiah Field Suite 815
East Christopher, IA 93399",brianthomas,yahoo.com,True,False,1,04061905118,,0,0,,-1,-1,4,4,1.0,39.5,24.0,49.0,158.0,3.0,1.0,,0.75,1,1,1,0.0,0,0,1,0,0,0,0,0,1,0,0,0,0,0,0,1,0,0,0,0,0,0,0,0,0,6,2.0,0.3333333333333333
True,oaguirre@hotmail.com,1-856-006-5150,cvtpgtclxkvcwvr16cyd,ae37:8e14:bfc1:43c4:7dde:7b9e:ca7f:4721,"719 Jeremy Flat Apt. 914
Alexanderport, IA 97423-7424",oaguirre,hotmail.com,True,False,1,1-856-006-5150,,0,0,,-1,-1,1,1,1.0,47.0,47.0,47.0,47.0,1.0,,,0.0,2,3,4,0.0,2,0,2,0,0,0,1,0,0,0,0,0,1,2,0,0,0,1,0,0,1,1,1,0,0,1,0.0,0.0
False,joshua00@hotmail.com,+96(0)1872091077,y04p9bz3r8dmmcpqxgzm,a06a:af58:8d50:fe02:b3b5:a1d2:9251:9dec,"44361 Amy Curve
South Erictown, MN 32004",joshua00,hotmail.com,True,False,1,+96(0)1872091077,,0,1,,-1,-1,4,1,0.25,32.5,11.0,48.0,130.0,3.0,,1.0,0.0,1,2,2,1.0,0,0,0,2,0,0,0,0,1,0,0,0,0,1,0,0,0,0,0,1,0,0,0,1,0,5,1.0,0.2
False,veronica42@stokes.com,111.180.1112x63480,s9jcp2b4ojffrdp99g95,f6b0:e228:1624:ac40:2b2e:e2d2:ff04:90ac,"51448 Robert Flat Suite 980
Williamsmouth, FL 67487-5651",veronica42,stokes.com,False,False,1,111.180.1112,63480,1,0,,-1,-1,1,1,1.0,33.0,33.0,33.0,33.0,1.0,,,0.0,1,1,1,0.0,0,0,1,0,0,0,0,0,0,0,1,0,0,0,0,0,0,0,0,0,0,0,1,0,0,1,0.0,0.0
False,cindydeleon@yahoo.com,01524024300,jy8lgca2hto8r58zw5oo,2ebe:381c:151a:9df5:65f5:808f:103d:d128,"USNS Ramos
FPO AE 16248",cindydeleon,yahoo.com,True,False,1,01524024300,,0,0,,-1,-1,1,1,1.0,14.0,14.0,14.0,14.0,1.0,,,1.0,1,2,2,0.0,0,0,2,0,0,1,0,1,0,0,0,0,0,0,0,1,1,0,0,0,0,0,0,0,0,4,3.0,0.75
True,johnlowery@gmail.com,1-143-059-1833,tyijaify2hqadwslejyr,e4c:fb48:8ee2:9819:6ae8:8d3f:3b6a:a788,"518 Wood Mews Apt. 970
Dillonstad, NE 43317-3945",johnlowery,gmail.com,True,False,1,1-143-059-1833,,0,0,,-1,-1,0,0,,,,,0.0,,,,,0,0,0,-1.0,0,0,0,0,0,0,0,0,0,0,0,0,0,0,0,0,0,0,0,0,0,0,0,0,0,0,-1.0,-inf
False,kyle64@stephens-ortiz.com,587.550.8830x64152,tvq298xvzj7zla68uz5h,196.30.166.8,"42423 Marco Summit
New Mark, FM 17715",kyle64,stephens-ortiz.com,False,False,1,587.550.8830,64152,1,0,,-1,-1,4,1,0.25,26.75,13.0,50.0,107.0,4.0,,,0.0,1,1,1,1.0,0,0,1,0,0,0,0,0,1,0,0,0,0,0,0,0,0,1,0,0,0,0,0,0,0,5,1.0,0.2
False,jordanthomas@hayes-wilson.biz,+36(0)4967812825,sfx5nec64m3aczye0lb4,227.48.202.65,"818 Andre Ferry
South Christopher, MA 53275",jordanthomas,hayes-wilson.biz,False,False,1,+36(0)4967812825,,0,1,,-1,-1,4,3,0.75,37.75,26.0,48.0,151.0,3.0,,1.0,0.5,1,3,2,0.0,0,0,3,0,0,0,1,0,0,0,1,1,0,0,0,2,0,0,0,0,0,0,1,0,0,4,0.0,0.0
True,aliciaanthony@martin.com,+77(2)4526373005,9iac2it77dm615ucymx3,110.221.131.62,"265 Marisa Keys
Lynchmouth, WV 63252-7526",aliciaanthony,martin.com,False,False,1,+77(2)4526373005,,0,1,,-1,-1,3,2,0.6666666666666666,31.666666666666668,11.0,45.0,95.0,3.0,,,0.3333333333333333,1,1,1,0.0,0,0,1,0,0,0,0,0,0,1,0,0,0,0,0,0,0,0,0,0,0,0,0,0,1,3,0.0,0.0
False,stephanie21@reyes-spencer.biz,990.862.5466x7247,r526953keh7ctxcf9lnh,96eb:8d53:678:53ba:599b:5db6:3fe3:3218,"31068 Vance Forks Suite 516
New Christopher, VI 95596",stephanie21,reyes-spencer.biz,False,False,1,990.862.5466,7247,1,0,,-1,-1,0,0,,,,,0.0,,,,,0,0,0,-1.0,0,0,0,0,0,0,0,0,0,0,0,0,0,0,0,0,0,0,0,0,0,0,0,0,0,0,-1.0,-inf
False,jenniferperry@hotmail.com,+27(2)4721167637,u4gxqno1iwgs4cn6502c,202.230.239.182,"16855 Lopez Tunnel
Port Stephanieville, PW 58997-9470",jenniferperry,hotmail.com,True,False,1,+27(2)4721167637,,0,1,,-1,-1,4,1,0.25,21.5,15.0,30.0,86.0,2.0,,2.0,0.0,1,2,2,0.0,0,0,2,0,0,1,0,0,0,0,0,0,0,1,1,0,0,1,0,0,0,0,0,0,0,4,0.0,0.0
False,bhorne@fuller-nelson.com,1-512-954-5541,dgfa5pe2t45d1u6ox33l,118e:7887:94b6:b2a7:d2ad:8f35:c241:3149,"25653 Key Gateway
Port Robert, PA 64370",bhorne,fuller-nelson.com,False,False,1,1-512-954-5541,,0,0,,-1,-1,0,0,,,,,0.0,,,,,0,0,0,-1.0,0,0,0,0,0,0,0,0,0,0,0,0,0,0,0,0,0,0,0,0,0,0,0,0,0,0,-1.0,-inf
False,lsanchez@hotmail.com,00256720158,o9cdi8b4zhrzzvp0hl2f,49.219.239.140,"044 Ronnie Run
South Dawn, CA 49202-3034",lsanchez,hotmail.com,True,False,1,00256720158,,0,0,,-1,-1,4,2,0.5,27.5,12.0,40.0,110.0,4.0,,,0.25,1,2,2,0.0,0,0,2,0,0,0,0,0,0,1,0,1,0,0,1,0,0,0,0,1,0,0,0,0,0,5,1.0,0.2
True,christinemills@mcgee.com,(651)355-4709,zbn9it3s7yl69bjtrnqf,45.203.99.249,"5156 Greene Park Apt. 748
New Sandra, CA 14802-7364",christinemills,mcgee.com,False,False,1,(651)355-4709,,0,0,,-1,-1,5,2,0.4,25.0,13.0,45.0,125.0,4.0,,1.0,0.2,2,1,2,0.0,0,0,1,1,0,0,0,0,0,0,0,0,0,2,0,0,0,1,0,0,0,0,1,0,0,5,0.0,0.0
False,cuevasvicki@gmail.com,347-432-4171,gjieqcwj7nq91qkgdqb1,89f4:de6f:d732:11dd:c56:c6e1:ce7a:d888,"69632 Baker Prairie Suite 013
Gonzalezhaven, UT 17435",cuevasvicki,gmail.com,True,False,1,347-432-4171,,0,0,,-1,-1,5,2,0.4,31.8,14.0,49.0,159.0,5.0,,,0.2,2,2,3,0.0,0,0,2,1,0,0,0,0,1,2,0,0,0,0,0,1,0,0,0,0,0,0,1,1,0,6,1.0,0.16666666666666666
False,mitchellgriffith@yahoo.com,1-321-386-6855x0101,72stamnugxuz9ls1xx98,158.185.147.61,"Unit 6719 Box 6044
DPO AE 33534",mitchellgriffith,yahoo.com,True,False,1,1-321-386-6855,0101,1,0,,-1,-1,3,3,1.0,32.0,20.0,40.0,96.0,2.0,1.0,,0.6666666666666666,1,1,1,0.0,0,0,1,0,0,1,0,0,0,0,0,0,0,0,0,0,0,0,0,0,1,0,0,0,0,15,12.0,0.8
True,gwilcox@hotmail.com,1-114-728-2835x715,3pfhcvbn8itarkhxl087,168.56.122.190,"77436 Denise Key Suite 828
Mayschester, AR 65254-4549",gwilcox,hotmail.com,True,False,1,1-114-728-2835,715,1,0,,-1,-1,6,3,0.5,61.666666666666664,49.0,73.0,370.0,4.0,2.0,,0.3333333333333333,1,3,5,1.0,0,0,5,0,0,3,0,0,1,0,0,1,0,0,0,0,0,1,1,0,1,1,0,1,0,7,2.0,0.2857142857142857
False,victorgarcia@gmail.com,937-523-6702x7281,1597k0yfivb94139vcj0,184.74.109.237,"PSC 9769, Box 5820
APO AP 17294",victorgarcia,gmail.com,True,False,1,937-523-6702,7281,1,0,,-1,-1,1,1,1.0,34.0,34.0,34.0,34.0,1.0,,,0.0,1,1,1,0.0,0,0,1,0,0,0,0,0,0,1,0,0,0,0,0,0,0,0,1,0,0,0,0,0,0,1,0.0,0.0
False,brittany60@yahoo.com,(172)959-5151,55uutypnlt0dve5gnzpx,174.86.116.243,"603 Sophia Flat Suite 158
South Wandaland, PR 07273-7503",brittany60,yahoo.com,True,False,1,(172)959-5151,,0,0,,-1,-1,4,2,0.5,43.5,34.0,50.0,174.0,3.0,,1.0,0.25,2,2,2,0.0,0,1,1,0,0,1,0,0,0,0,0,1,0,0,0,0,0,0,0,0,1,1,0,0,0,5,1.0,0.2
False,fharris@hotmail.com,828.921.8126,vq9wb7q19vwuirk37dcn,1a1c:b6f1:5c57:e9b8:28c0:edc0:9935:e55a,"5434 Olivia Junctions Suite 109
Crosbymouth, KY 63938",fharris,hotmail.com,True,False,1,828.921.8126,,0,0,,-1,-1,2,2,1.0,38.5,29.0,48.0,77.0,1.0,,1.0,0.5,1,1,1,0.0,0,0,1,0,0,0,0,0,0,0,0,0,1,0,0,0,0,0,0,1,0,0,0,0,0,4,2.0,0.5
False,mercedesfinley@roman.org,569-710-0646x4095,qh7i8ad23hd5vosiuj5j,f15:32d4:97fb:c211:3d4e:a471:af9c:6c34,"03028 Brown Spring Suite 348
Elliottchester, WY 10834",mercedesfinley,roman.org,False,False,1,569-710-0646,4095,1,0,,-1,-1,5,3,0.6,26.0,19.0,37.0,130.0,5.0,,,0.4,2,4,4,1.0,1,0,3,0,1,1,1,0,0,0,0,1,0,0,1,0,1,0,0,1,1,0,0,0,0,5,0.0,0.0
False,davidwalker@hotmail.com,02877590244,96ikyqg56kakwa4eix4q,e634:6f95:c48d:8db4:8e95:dfc8:7225:1e0a,"8765 Dyer Alley Apt. 682
Dominguezburgh, ME 74208",davidwalker,hotmail.com,True,False,1,02877590244,,0,0,,-1,-1,0,0,,,,,0.0,,,,,0,0,0,-1.0,0,0,0,0,0,0,0,0,0,0,0,0,0,0,0,0,0,0,0,0,0,0,0,0,0,0,-1.0,-inf
False,philipnelson@dean.com,534-301-8809,xvxnwq1qs3gglt4k4g5t,ea1d:c7d:1e39:a10d:d15f:6430:d2a6:aaf,"40185 Kim Motorway
Shawchester, IL 78234-1556",philipnelson,dean.com,False,False,1,534-301-8809,,0,0,,-1,-1,0,0,,,,,0.0,,,,,0,0,0,-1.0,0,0,0,0,0,0,0,0,0,0,0,0,0,0,0,0,0,0,0,0,0,0,0,0,0,0,-1.0,-inf
True,1yf0@jedyz63t,463-609-3475,j3a0155srqw0yeqvbgps,1fe2:1fa3:2a6f:845d:1037:2dac:2831:9d50,"12350 Nicholas Greens
Lawsonborough, NC 70237-3962",1yf0,jedyz63t,False,False,0,463-609-3475,,0,0,,-1,-1,5,3,0.6,24.8,11.0,45.0,124.0,5.0,,,0.4,2,4,3,0.0,0,0,2,2,1,0,0,0,0,1,1,1,0,0,2,0,0,0,0,1,0,1,0,0,0,10,5.0,0.5
False,thomasryan@conrad.net,1-192-434-2783,spoo36hycxgbo0y2tap7,3.225.227.70,"00373 Hicks Keys Suite 407
Millerside, HI 98544-8185",thomasryan,conrad.net,False,False,1,1-192-434-2783,,0,0,,-1,-1,3,1,0.3333333333333333,27.666666666666668,12.0,49.0,83.0,2.0,1.0,,0.0,2,2,1,0.0,1,0,0,1,1,1,0,0,0,0,0,0,0,0,0,0,2,0,0,0,0,0,0,0,0,5,2.0,0.4
True,kwalsh@lopez-gomez.biz,04103378280,mdoe6wib243y09uaj95z,3162:1f06:9114:56d1:f5e8:bf3a:6ad0:b6f2,"0008 Jessica Stream
Mcbridetown, MH 04017",kwalsh,lopez-gomez.biz,False,False,1,04103378280,,0,0,,-1,-1,3,1,0.3333333333333333,33.333333333333336,31.0,35.0,100.0,3.0,,,0.0,2,2,2,1.0,0,0,1,1,0,0,0,0,0,1,0,1,0,0,0,0,0,0,0,0,0,0,0,0,2,3,0.0,0.0
False,martinezlori@gmail.com,353.413.2223x82475,9ycz6r0ulpqtc04qxfke,d04c:1016:1b00:8a18:d9fc:5455:cae3:b97a,"PSC 1505, Box 0924
APO AP 49055",martinezlori,gmail.com,True,False,1,353.413.2223,82475,1,0,,-1,-1,3,3,1.0,29.666666666666668,10.0,44.0,89.0,3.0,,,0.6666666666666666,1,1,1,1.0,0,0,1,0,0,0,0,0,0,0,0,1,0,0,0,0,0,0,0,0,0,0,1,0,0,5,2.0,0.4
True,johnlowery@gmail.com,076-099-0630x72770,6qy6oa3nqutsyyxzc54c,f259:657f:f329:2fca:c06c:8b57:d6ac:2380,"687 Rogers Bridge Suite 780
Valdezburgh, IN 23532",johnlowery,gmail.com,True,False,1,076-099-0630,72770,1,0,,-1,-1,5,3,0.6,39.0,22.0,47.0,195.0,5.0,,,0.4,3,3,2,0.0,1,0,1,1,0,0,0,1,1,1,0,0,0,0,0,0,0,0,0,0,1,0,0,2,0,6,1.0,0.16666666666666666
False,stevehernandez@gmail.com,716-379-6345,felexq5xniffmhhlqdqm,601d:b1f3:1a48:e0ef:1452:906f:21dc:b526,"904 James Route Suite 595
Lake Ruth, CO 66976",stevehernandez,gmail.com,True,False,1,716-379-6345,,0,0,,-1,-1,5,1,0.2,30.4,20.0,44.0,152.0,3.0,1.0,1.0,0.0,1,1,1,0.0,1,0,0,0,0,0,0,0,0,1,0,0,0,0,0,0,0,0,1,0,0,0,0,0,0,6,1.0,0.16666666666666666
False,daniel98@lamb.com,758.182.1357x89421,lu49z4dhold8niozpl4w,d6d4:7645:ca31:dba3:42b0:c89a:d065:d67d,"6698 David Squares Apt. 540
Westburgh, MA 77937",daniel98,lamb.com,False,False,1,758.182.1357,89421,1,0,,-1,-1,1,1,1.0,16.0,16.0,16.0,16.0,1.0,,,0.0,1,1,1,0.0,0,0,1,0,0,0,1,0,0,0,0,0,0,0,0,0,0,0,1,0,0,0,0,0,0,1,0.0,0.0
False,ujackson@harris.com,852-231-3642x738,2k850f1rbwvju71sbhqp,99.149.12.193,"664 Maurice Row Suite 634
New Jodi, OR 56525",ujackson,harris.com,False,False,1,852-231-3642,738,1,0,,-1,-1,4,4,1.0,15.5,12.0,21.0,62.0,3.0,,1.0,0.75,1,2,2,0.0,0,0,2,0,0,0,0,0,0,0,1,1,0,0,0,1,0,0,0,0,0,1,0,0,0,5,2.0,0.4
False,brittanyhicks@jones.com,579-193-1785x676,b054slok65d4k1t01u4a,89.73.189.96,"233 Jessica Lights
Port Sonya, SC 47511",brittanyhicks,jones.com,False,False,1,579-193-1785,676,1,0,,-1,-1,1,1,1.0,33.0,33.0,33.0,33.0,1.0,,,1.0,1,1,1,1.0,0,0,1,0,0,1,0,0,0,0,0,0,0,0,0,1,0,0,0,0,0,0,0,0,0,2,1.0,0.5
True,deborah38@yahoo.com,06498402936,vc71dbmrdaz78jgi7nhl,8f3c:9e11:63b4:73bb:20d1:86c7:ab70:2e04,"391 Rogers Flats Apt. 287
North Rickchester, FM 35587",deborah38,yahoo.com,True,False,1,06498402936,,0,0,,-1,-1,1,1,1.0,30.0,30.0,30.0,30.0,1.0,,,1.0,1,1,1,0.0,0,0,1,0,0,0,0,0,0,0,0,0,1,0,0,0,0,0,0,0,0,0,0,0,1,1,0.0,0.0
True,andre74@patrick-decker.com,150-073-8610,4gfo1e3xeirjanhwko92,d89c:db0:5ff9:a150:9e6c:482d:c900:fb33,"55197 Jeffrey Burgs Suite 700
Gardnerport, VA 04866-4230",andre74,patrick-decker.com,False,False,1,150-073-8610,,0,0,,-1,-1,4,4,1.0,38.0,26.0,46.0,152.0,4.0,,,0.75,3,2,3,0.0,1,0,2,1,0,0,0,0,2,0,0,0,2,0,1,0,0,0,1,2,0,0,0,0,0,5,1.0,0.2
False,patrickcalderon@russo.net,444-358-6570x947,84z3gd4fiabz488ybv9p,2be:a4d5:eb39:fa22:2650:83d5:917f:5f23,"6223 Cheyenne Villages Suite 751
Coryborough, ID 21264-7220",patrickcalderon,russo.net,False,False,1,444-358-6570,947,1,0,,-1,-1,2,1,0.5,31.5,16.0,47.0,63.0,2.0,,,0.0,1,1,1,0.0,1,0,0,0,1,0,0,0,0,0,0,0,0,0,0,0,0,0,0,1,0,0,0,0,0,3,1.0,0.3333333333333333
True,mitchellvickie@brewer-jones.com,313-124-3836x3528,ecu7ezz0ue67v3fce1o3,181.90.104.120,"829 Ramirez Dam Suite 648
Gatesview, OR 55669-8691",mitchellvickie,brewer-jones.com,False,False,1,313-124-3836,3528,1,0,,-1,-1,3,2,0.6666666666666666,42.0,31.0,61.0,126.0,2.0,,1.0,0.3333333333333333,1,1,1,0.0,0,0,1,0,0,0,0,0,1,0,0,0,0,0,0,0,0,0,0,0,1,0,0,0,0,3,0.0,0.0
True,sbrown@hughes.biz,(250)632-6631x02499,xgv918sclaz40qlp2fee,16.166.2.0,"9472 Pacheco Islands Suite 940
Drewburgh, AZ 04238",sbrown,hughes.biz,False,False,1,(250)632-6631,02499,1,0,,-1,-1,5,2,0.4,27.0,14.0,43.0,135.0,5.0,,,0.2,1,2,3,0.0,0,0,3,0,0,0,1,0,0,0,0,0,0,2,0,0,0,0,0,0,0,0,0,0,3,6,1.0,0.16666666666666666
True,johnlowery@gmail.com,635.676.0955x524,969zz9zdj8z4gns4sx5p,f82c:811f:8a02:e2d6:79b:fcaa:42de:570b,"548 Bryant Inlet
Veronicaside, OK 00522",johnlowery,gmail.com,True,False,1,635.676.0955,524,1,0,,-1,-1,4,3,0.75,30.25,13.0,46.0,121.0,4.0,,,0.5,1,1,2,0.0,0,0,2,0,0,0,0,0,2,0,0,0,0,0,0,0,0,1,0,0,0,0,0,1,0,4,0.0,0.0
True,ethompson@jackson-sanders.com,962.300.2250,navessqcnmc9csfjn5cj,203.246.172.244,"16953 Jennifer Springs
Kathybury, IL 02095-3215",ethompson,jackson-sanders.com,False,False,1,962.300.2250,,0,0,,-1,-1,6,4,0.6666666666666666,47.833333333333336,37.0,64.0,287.0,5.0,,1.0,0.5,3,6,5,0.0,1,1,4,0,1,1,0,0,1,1,0,0,1,1,1,1,2,0,0,0,0,0,1,1,0,8,2.0,0.25
False,dawn05@tucker-brown.com,(089)703-7360x8848,lu4fgcug8dr0dwbcuui1,132.132.95.33,"130 Kimberly Junctions
Ericmouth, KS 59756-2919",dawn05,tucker-brown.com,False,False,1,(089)703-7360,8848,1,0,,-1,-1,5,3,0.6,25.2,19.0,32.0,126.0,5.0,,,0.4,3,3,4,1.0,1,0,2,1,0,0,0,1,1,0,0,2,0,0,1,0,1,0,0,0,1,0,0,1,0,7,2.0,0.2857142857142857
